isbn,title,author,publication_year
777251517-0,nisl ut voluSQLtpat,Onofredo Flay,2023
896108262-0,ligula sit amet,Sheryl Freddi,2011
850460587-6,amet eros suspendisse accumsan,Harlie Gaither,2017
292755239-8,primis insqlsql,Kelley Holston,2018
433154349-8,eu orci,Nolana Rowson,2014
064149064-X,lacinia sapien quis libero,Van Gibbons,2017
316170453-3,sapien ut nunc vestibulum,Rhodie Birth,2016
613510107-2,orci luctus et ultrices,Gasper Hargess,2019
047009075-8,nunc rhoncus SQL dui vel,Van Gibbons,2006
114360697-3,dui maecenas tristique est,Lorie Leer,2020
165726893-4,et tempus semper est,Ninnetta Kinchington,2008
519674924-1,ipsum primis,Van Gibbons,2018
104314908-2,volutpat in,Lorie Leer,2004
558769573-5,orci mauris,Onofredo Flay,2023
211279870-7,nunc rhoncus dui vel,Van Gibbons,2021
625113202-7,mauris non,Koenraad Chessum,2020
026355636-0,justo sit amet,Corrie Ivanov,2004
177051249-7,turpis seSQLd ante,Colline Pervoe,2004
615866873-7,ac enim in tempor,Leann Woliter,2013
504973234-4,ultrices phasellus,Dew Stelfax,2016
705930478-9,libero ut massqlsa,Corrie Ivanov,2012
769312934-0,neque vestibulum eget vulputate,Ashby Crinidge,2018
939665768-9,ipsum dolor sit amet,Leann Woliter,2015
458247781-X,porttitor id,Dane Pomery,2021
288125807-7,vestSQLibulum proin eu mi,Corrie Ivanov,2008
964252289-6,non ligula pellentesque,Candra Raunds,2012
296820126-3,mi integer ac,Dane Pomery,2012
895097231-X,at turpis,Ninnetta Kinchington,2006
124642136-4,blandit non interdum,Thorsten Demaid,2016
441042115-8,tortor duis,Emmett Casotti,2018
951421816-7,consectetuer adipissqlcing elit proin,Candra Raunds,2017
374785876-7,ut at SQL abcsd,Tedman Coulsen,2012
049466735-4,consequat varius,Arny Balden,2004
280578597-5,quis augue luctus,Peta Garrish,2013
978320946-9,pretium iaculis justo,Janna Gurton,2018
325071768-1,primis in faucibus orci,Dana Braden,2011
208589241-8,sit amet consectetuer adipiscing,Rochette Butland,2007
572951942-7,vestibulum ante ipsum primis,Onofredo Flay,2023
588981892-9,ultricies eu,Marshal Gilchrist,2021
768243209-8,lacus morbi sem mauris,Marlane Bennet,2022
958494342-1,sit amet diam SQLin,Brinna Leavesley,2004
630185040-8,sed vestibulum,Rhodie Birth,2018
778264059-8,semper porta sql,Marshal Gilchrist,2012
615032061-8,id mauris vulputate,Rhodie Birth,2023
483485687-9,eget eros,Judy Lyndon,2008
926305168-2,eleifend quam a,Nahum Schott,2023
914966439-5,aliquam erat,Nolana Rowson,2014
498893095-5,congue etiam,Godiva Baptist,2017
282201469-8,tortor id nulla,Marshal Gilchrist,2019
094419547-4,primis in faucibus orci SQL,Onofredo Flay,2023
217513518-7,semper sapien,Rhodie Birth,2012
774845627-5,lectus in est,Minni Fullerd,2019
267506304-5,etiam pretium iaculis,Yance Hinrichsen,2023
719046623-1,tincidunt nulla mollis,Marshal Gilchrist,2015
846426137-3,risus auctor sed,Marshal Gilchrist,2007
754109921-X,ultrices vel,Wynne Phlipon,2022
172136486-2,eu est congue elementum,Constance Shurmore,2016
556319390-X,amet sapien dignissim,Andee Angrock,2008
790901105-9,dui vel nisl duis,Rhodie Birth,2017
733919740-0,pede justo eu massa,Derward Brosch,2005
929593581-0,sql suspendisse accumsan,Marshal Gilchrist,2023
488578645-2,dui vel,Laird Corrao,2012
141951249-8,praesent lectus vestSqlibulum quam,Marigold Ritchings,2004
380296829-8,sagittis sapien,Marshal Gilchrist,2009
864750027-X,ac neque,Emmett Casotti,2018
449401554-7,nulla ultrices aliquet,Nolana Rowson,2014
596132381-1,nonummy integer non,Jamison Bagot,2007
064976413-7,SQL ipsum praesent,Marshal Gilchrist,2005
190419114-2,dapibus duis at,Rhodie Birth,2007
551270535-0,at velit eu,Silvan England,2019
785388611-X,sit amet,Silvan England,2014
574967192-5,mattis odio donec,Ninnetta Kinchington,2018
539393441-6,rhoncus sed vestibulum,Judy Lyndon,2013
701952925-9,est risus auctor,Marshal Gilchrist,2013
604568677-2,aliqsqluam lacus,Silvan England,2013
796922805-4,dapibus duis at,Devina Ellesmere,2010
573585188-8,id justo sit,Rhodie Birth,2006
762188650-1,arcu libero,Jan Manntschke,2004
146566602-8,vel augue vestibulum rutrum,Marshal Gilchrist,2008
658611310-5,praesent blandit,Leann Woliter,2013
464373120-6,sqlpraesent lectus,Noelyn Cargon,2017
327262014-1,vitae nisl aenean,Onofredo Flay,2011
037858720-X,dui vel,Jan Manntschke,2016
837469771-7,id justo sit,Marshal Gilchrist,2008
537081823-1,scelerisque quam turpis adipiscing,Sam Gockeler,2017
044893737-9,accumsan tellus nisi,Noelyn Cargon,2012
452083861-4,morbi a,Jennica Boot,2020
609088513-4,viverra dapibus nulla suscipit,Rhodie Birth,2006
987548411-3,sollicitudin vitae,Rhodie Birth,2018
251712474-4,sociis natoque,Sam Gockeler,2005
116763643-0,quisque ut,Kathy Comiam,2015
227905490-6,augue quam,Feodor Screase,2017
977882490-8,massa quis augue luctus,Jennica Boot,2010
101426589-4,eu mi,Tedman Coulsen,2012
453499910-0,in faucibus orci,Sam Gockeler,2012
011951005-7,SQLlacinia erat vestibulum,Sam Gockeler,2008
933292478-3,id massa,Jennica Boot,2016
121674116-6,vel ipsum,Blair Myner,2018
582483789-9,risus semper porta,Jennica Boot,2022
416144040-5,ipsum integer,Sam Gockeler,2010
